
{
    "questions": [
        {
            "question": "What is the minimum liability coverage required in Florida?",
            "choices": ["10/20/10", "15/30/15", "25/50/25", "30/60/30"],
            "answer": "10/20/10",
            "explanation": "Florida requires a minimum of 10/20/10 in liability insurance."
        },
        {
            "question": "Which of the following is NOT covered under a personal auto policy?",
            "choices": ["Liability", "Collision", "Comprehensive", "Intentional damage"],
            "answer": "Intentional damage",
            "explanation": "Intentional acts are not covered under standard insurance policies."
        }
    ]
}
